hsa-miR-671-5p 	+ 	11 	4.25e-04 	AGGAAGCCCT 	GGAGGG 	GCTGGAG 	
hsa-miR-188-5p 	+ 	16 	4.25e-04 	CTTGCATGGT 	GGAGGG 	
hsa-miR-520b 	+ 	16 	7.36e-04 	GCTTCCTTTT 	AGAGGG 	
hsa-miR-134-5p 	+ 	16 	7.36e-04 	CTGGTTGACC 	AGAGGG 	G 	
hsa-miR-198 	+ 	6 	7.36e-04 	GGTCC 	AGAGGG 	GAGATAGGTT
hsa-miR-1226-5p 	+ 	19 	1.05e-03 	ATGCAGGCCT 	GGATGG 	GG 	
hsa-miR-887-3p 	- 	12 	1.05e-03 	CCTCG 	GGATGG 	CGCCCGTTCA
hsa-miR-513c-5p 	+ 	8 	1.36e-03 	TTCTCAA 	GGAGGT 	GTCGTTTAT 	
hsa-miR-513b-5p 	+ 	8 	1.36e-03 	TTCACAA 	GGAGGT 	GTCATTTAT 	
hsa-miR-1224-5p 	+ 	12 	1.36e-03 	TGAGGACTCG 	GGAGGT 	GG 	
hsa-miR-513a-5p 	+ 	8 	1.36e-03 	TTCACAG 	GGAGGT 	GTCAT 	
hsa-miR-765 	+ 	11 	1.98e-03 	TGGAGGAGAA 	GGAAGG 	TGATG 	
hsa-miR-630 	+ 	16 	1.98e-03 	TCTGTACCAG 	GGAAGG 	T 	
hsa-miR-583 	+ 	7 	1.98e-03 	CAAAGA 	GGAAGG 	TCCCATTAC 	
hsa-miR-520e 	+ 	16 	1.98e-03 	GCTTCCTTTT 	TGAGGG 	
hsa-miR-193b-5p 	+ 	9 	1.98e-03 	CGGGGTTT 	TGAGGG 	CGAGATGA 	
hsa-miR-877-5p 	+ 	8 	2.20e-03 	GTAGAGG 	AGATGG 	CGCAGGG 	
hsa-miR-483-5p 	+ 	14 	2.89e-03 	ACGGGAGGAA 	AGAAGG 	GAG 	
hsa-miR-422a 	+ 	16 	2.89e-03 	ACTTAGGGTC 	AGAAGG 	C 	
hsa-miR-125a-3p 	+ 	6 	3.57e-03 	ACAGG 	TGAGGT 	TCTTGGGAGC
hsa-miR-654-5p 	+ 	2 	5.45e-03 	T 	GGTGGG 	CCGCAGAACA
hsa-miR-638 	+ 	3 	6.07e-03 	AG 	GGATCG 	CGGGCGGGTG
hsa-miR-125b-1-3p 	+ 	17 	6.38e-03 	TAGGCTCTTG 	GGAGCT 	
hsa-miR-1225-5p 	+ 	14 	7.31e-03 	GGTACGGCCC 	AGTGGG 	GGG 	
hsa-miR-135a-3p 	+ 	6 	7.31e-03 	TATAG 	GGATTG 	GAGCCGTGGC
hsa-miR-601 	+ 	16 	8.78e-03 	TAGGATTGTT 	GGAGGA 	G 	
hsa-miR-339-3p 	+ 	1 	8.78e-03 	. 	TGAGCG 	CCTCGACGAC
hsa-miR-769-3p 	+ 	4 	1.02e-02 	CTG 	GGATCT 	CCGGGGTCTT
hsa-miR-575 	+ 	6 	1.19e-02 	GAGCC 	AGTTGG 	ACAGGAGC 	
hsa-miR-451a 	+ 	17 	1.53e-02 	TTACCATTAC 	TGAGTT 	